{"accuracy": [0.49022239446640015, 0.5262653231620789, 0.45897239446640015, 0.6407208442687988, 0.3642638027667999, 0.5124616622924805, 0.37921780347824097, 0.4300230145454407, 0.36963191628456116, 0.4284892678260803, 0.44248467683792114, 0.4323236048221588, 0.43769171833992004, 0.4351993799209595, 0.4334739148616791, 0.4361579716205597, 0.4357745349407196, 0.43692484498023987], "loss": [0.7104087471961975, 0.6955186724662781, 0.6948493719100952, 0.693541944026947, 0.6933562159538269, 0.6934076547622681, 0.6932093501091003, 0.6931555867195129, 0.6931362152099609, 0.6931586861610413, 0.6931275725364685, 0.693141758441925, 0.6931541562080383, 0.6931403279304504, 0.6932099461555481, 0.6931260228157043, 0.6931768655776978, 0.6931678652763367], "val_accuracy": [0.5, 0.5, 0.5, 0.5, 0.5, 0.5, 0.5, 0.5, 0.5, 0.5, 0.5, 0.5, 0.5, 0.5, 0.5, 0.5, 0.5, 0.5], "val_loss": [0.6953324675559998, 0.6957554817199707, 0.6931490302085876, 0.6931554079055786, 0.693153440952301, 0.6931546330451965, 0.6931506395339966, 0.6931475400924683, 0.6931476593017578, 0.6931478977203369, 0.6931475400924683, 0.6931475400924683, 0.6931474804878235, 0.6931474804878235, 0.6931474804878235, 0.6931475400924683, 0.6931474804878235, 0.6931475400924683], "learning_rate": [0.0010000000474974513, 0.0010000000474974513, 0.0010000000474974513, 0.0010000000474974513, 0.0010000000474974513, 0.0010000000474974513, 0.00020000000949949026, 0.00020000000949949026, 0.00020000000949949026, 4.0000002627493814e-05, 4.0000002627493814e-05, 4.0000002627493814e-05, 8.000000889296643e-06, 8.000000889296643e-06, 8.000000889296643e-06, 1.6000001323845936e-06, 1.6000001323845936e-06, 1.6000001323845936e-06]}